,Description,Stars,Reviews,Price,Amazon prime,Best seller
0,"Rocktile 19331 - Pack guitarra eléctrica Banger 7 piezas, color negro","4,2",181,"141,99",Yes,No
1,"YAMAHA GuitarGo, Set para principiantes y para aquellos que quieran retomarlo, incluye cuerdas, púas, funda, diapasón, atril y mucho más","4,4",18,"204,59",Yes,No
2,McGrey Rockit guitarra eléctrica set completo ST Black,"3,8",25,"143,99",Yes,No
3,Guitarra eléctrica Gráfico Guitarrista Instrumento De Regalo Camiseta,,,"16,99",No,No
4,"RockJam Superkit Guitarra eléctrica de tamaño completo con amplificador de guitarra, Cuerdas de guitarra, Sintonizador, Correa, Estuche y cable, color Negro","4,2",836,"128,34",Yes,Yes
5,"RockJam Superkit de guitarra eléctrica de tamaño completo con amplificador de guitarra, Cuerdas de guitarra, Correa, Bolsa y cable de guitarra Sunburst","4,3",1.577,,No,No
6,"Display4top Kit de guitarra eléctrica Amplificador de 20 vatios, soporte de guitarra, bolsa, púa de guitarra, correa, cuerdas de repuesto, sintonizador, estuche y cable (Negro-Negro)","4,1",254,,No,No
7,"3rd Avenue STX30BKPK Paquete de guitarra eléctrica junior, Negro","4,1",184,"75,22",Yes,Yes
8,"Rocktile Banger - Pack de 7 piezas, guitarra eléctrica, sunburst","4,2",280,"141,99",Yes,No
9,"ammoon 10W Amplificador de Guitarra Eléctrico Portatil, Sonido Analógico, Soporte de Conexión BT, Doble Fuente de Alimentación","4,0",18,"69,99",Yes,No
10,Set de Guitarra Eléctrica LA + Amplificador Red,"4,3",76,"161,00",Yes,No
11,ESP LTD MH-10 - Guitarra eléctrica,"4,4",34,"224,50",Yes,No
12,Ernie Ball 2223 - Juego de cuerdas para guitarras eléctricas,"4,6",34.857,"5,60",Yes,Yes
13,BELFORT® Juego de cuerdas para guitarras eléctricas BONUS: 4 púas + Escuela de Guitarra (ebook),"4,6",71,"9,95",Yes,No
14,MARTISAN Soporte de guitarra Universal Plegable para Guitarra Eléctrica Guitarras Acustica Electrica Bajo,"4,7",231,"13,99",Yes,No
15,CAHAYA Bolsa Guitarra Electrica Acolchada 12mm Funda para Guitarra Electrica con 6 Bolsillos para Libros de Música y Accesorios con Diseño Reflectante,"4,5",330,"21,99",Yes,No
16,"Soporte de Madera para Guitarra Nueva Versión Soporte para Guitarra Eléctrica Acústica, Clásica, Bajo, etc. (Soportes Guitarra)",,,"19,99",No,No
17,ammoon Múltiples Efecto Pedal PockRock Guitarra Portátil Procesador de Efectos 15 Tipos de Efectos 40 Ritmos del Tambor Función de Ajuste con Adaptador de Corriente,"4,1",583,"39,99",Yes,No
18,"Display4top Soporte de guitarra Universal Plegable,A-Marco de la guitarra soporte para Guitarra Eléctrica Guitarras Acustica Electrica Bajo","4,7",555,"11,90",Yes,No
19,"Adagio Pro - Juego de cuerdas para guitarra eléctrica (calibre 10, níquel ligero, 10 – 46 cuerdas)",,,"10,08",No,No
20,"Rocktile 19331 - Pack guitarra eléctrica Banger 7 piezas, color negro","4,2",181,"141,99",Yes,No
21,"Volt EG100 E-Guitar Set - Set básico con guitarra eléctrica, amplificador, guía de aprendizaje y accesorios","4,1",44,"159,61",Yes,No
22,CAHAYA Bolsa Guitarra Electrica Acolchada 6mm Funda para Guitarra Electrica para Libros de Música y Accesorios con Diseño Reflectante,"4,5",26,"17,99",Yes,No
23,"Rocket XF203CRDPK - Paquete de inicio de guitarra eléctrica 3/4, color rojo","4,0",22,"110,94",Yes,No
24,P Pluginz Marshall JCM800 Estándar Jack estante montado en la pared V2.0- amplificador de guitarra titular de la clave Incluye 4 Guitarra Plug llaveros y kit de montaje en pared,"4,7",148,"33,00",Yes,No
25,"Moukey MWS-01 2.4 GHZ sistema de guitarra inalámbrica, 6 canales, receptor de transmisor digital recargable, sistema de guitarra de audio para guitarra eléctrica bajo (plateado)","4,4",122,"39,99",Yes,No
26,"Rayzm Mandolina Tradicional Bluegrass en Color Sunburst Tostado con Funda Acolchada de Conciertos, Una Mandolina Acústica de 8 Cuerdas , Cuerpo de Tilo, Diapasón de Nogal y Mástil de Caoba","4,5",99,"79,88",Yes,Yes
27,"LAVA ME 2 Guitarra de fibra de carbon con efectos Guitarra Acústica Eléctrica de Viaje con bolsa Picks y Cable de carga (FreeBoost, Blanco, 36 Inch)","3,9",3,"799,00",Yes,No
28,"Ernie Ball Slinky 2221, 3 Cuerdas 0,010-0,046 Tamaño Regular para Guitarra Eléctrica (Paquete de 3).","4,8",979,"21,50",Yes,No
29,"D'Addario EPS510 - Juego de cuerdas para guitarra eléctrica de acero, 010' - 046', transparente","4,5",393,"5,50",Yes,No
30,"AmazonBasics - Correa ajustable para guitarra eléctrica/acústica/bajo, incluye 2 púas, correa suave con extremos de piel sintética, negro","4,6",571,"8,98",Yes,No
31,Rocket XF203CBK - Guitarra eléctrica tamaño 3/4,"4,0",26,"80,03",Yes,No
32,Soporte Pared Guitarra 2 Piezas Oporte de Guitarra Guitar Hanger Hakenhalter Wandhalterung Colgador de Guitarra Eléctrica Acustica Tamaño Ajustable Para Colgar Guitarra en Pared o Perchero,"4,6",495,"6,99",Yes,No
33,Ibanez GSA60 - Bs guitarra eléctrica,"4,7",19,"188,00",Yes,No
34,"Limpiador De Cuerdas Para Guitarra,Guitarra eléctrica de Cuerdas y Diapasón Limpiador, Instrumentos Cuidado de mantenimiento para guitarra/bajo/mandolina/ukelele, 2pc","4,6",102,"10,39",Yes,No
35,"LEKATO Sistema de guitarra inalámbrica 5,8 GHZ Transmisor de guitarra digital receptor incorporado batería recargable rango de alta frecuencia para guitarra eléctrica bajo","4,7",301,"59,99",Yes,No
36,ammoon Kit Herramientas de Guitarra Mantenimiento de Reparación de Limpieza Incluye Organizador de Cuerdas y String Action Ruler&Calibre Herramienta de Medición&Juego de Llaves Hexagonales y Archivos,"4,2",521,"16,99",Yes,No
37,"Tiger ACG4-BK - Guitarra electroacústica, color negro","4,4",333,"75,37",Yes,Yes
38,Getaria Inalámbrico Guitarra Receptor Transmisor de Guitarra 2.4G Sistema de Guitarra Cable Inalámbrico (GWS-8),"4,4",5.257,"39,99",Yes,No
39,ammoon Amplificador de Guitarra Portátil POCKAMP Amplificador de 5 Vatios Multiefectos Incorporados 80 Ritmos de Batería Compatibilidad con el Sintonizador,"4,2",3.620,"62,99",Yes,Yes
40,Rocktile Scream-15 - Amplificador para guitarra,"4,1",436,"69,71",Yes,No
41,Ernie Ball Regular Slinky Classic Rock n Roll Cuerdas para guitarra eléctrica de puro níquel - Calibre 10-46,"4,6",3.301,"6,80",Yes,No
42,Asmuse Trigger Cejilla Guitarra Electricas Skeleton Capo para Guitarra Española Acustica Folk Ukelele Bajo instrumento Ligero Sola Mano Cambio Fácil y Rápido Aleación de Aluminion de Aluminio,"4,6",3.022,"7,99",Yes,Yes
43,Soporte Pared Guitarra Colgador de Guitarra Eléctrica Ajustable Ganchos de Pared de Guitarra con Tornillos para Banjo Bajo Ukulele Mandolina Negro (4 Piezas),"4,6",155,"9,99",Yes,No
44,"Ibanez Grx70Qa-Trb - Guitarra Eléctrica, Rojo","4,5",87,"168,00",Yes,No
45,D'Addario EXL110-3D - Juego de cuerdas para guitarra eléctrica de acero y níquel (pack 3 juegos),"4,7",4.497,"12,90",Yes,No
46,"ts-ideen - Guitarra eléctrica sunburst infantil de 1/4 (4-8 anos, altavoz, amplificador, funda y cuerdas)","3,7",54,"79,90",Yes,No
47,Correa de Guitarra Elástico Cómodo Leather Suave Neopreno 9cm para Bajo Acustica Western Electrica Guitarra Clásica Vintage Tartán Botón (391),"4,6",44,"19,99",Yes,No
48,"Sistema inalámbrico de Guitarra, Integrado en el transmisor Digital batería de Litio Recargable y el Receptor de la Guitarra eléctrica",,,"17,49",No,No
49,Fender 099-0510-058 Cable de Instrumento Serie Original - 10 Pies - STR/STR - Surf Green,"4,7",333,"9,95",Yes,Yes
50,SONICAKE Amplificador de bolsillo para uso con auriculares US Classic para guitarra,"4,0",677,"25,99",Yes,Yes
51,"Reposapiés para Guitarra,Guitar Foot Bench,Ajustable y Plegable Reposapiés para Guitarra,4 Posiciones Altura de Ajustar,para Clásica Acústica Banjo Acústica Eléctrico",,,"9,99",No,No
52,Squier by Fender - Guitarra Bullet Strat con trémolo,"4,2",600,,No,No
53,"Fender Professional Series - Cable de transmisión (3 m), color negro","4,8",1.213,"14,04",Yes,No
54,CAHAYA Bolsa Guitarra Electrica Acolchada de 6mm para Guitarra Electrica con Un Bolsillo Frontal para Libros de Música,"4,5",115,"17,99",Yes,No
55,LoliRock,,,,No,No
56,"EWIGE Soporte guitarra pared, Soporte de madera multifuncional, Soporte para guitarras eléctricas y acústicas y bajos","4,6",15,"25,99",Yes,No
57,"Asmuse Guitarra Viaje Eléctrica Plegable con Auriculares AMP Incorporados, Guitarra sin Cabeza de Escala Completa ALP AD-80, Ultra-ligero para Viajes.(Con Salida de Auriculares de 3,5 mm)","4,3",9,"699,99",Yes,No
58,Schramm® 6 Piezas de Guitarras de Aire de Color 100cm en 6 Colores Air Guitar Air Guitar Inflable 6-Pack,"4,3",284,"13,90",Yes,No
59,"Ukelele profesional de 21 pulgdas Ukelele Soprano cabeza de picea cuerpo de caoba con un estuche, correa, templador electrico electrónico y cuerdas extras.(Ukulele Soprano)","4,5",79,"48,99",Yes,No
